location,speed,vehicle_count,timestamp,is_anomaly
Highway 2,57.45,23,2025-07-01 00:00:00,0
Urban Road,59.72,40,2025-07-01 00:10:00,0
Rural Bypass,46.49,22,2025-07-01 00:20:00,0
Highway 2,73.69,32,2025-07-01 00:30:00,0
Highway 1,42.96,30,2025-07-01 00:40:00,0
Highway 2,43.05,20,2025-07-01 00:50:00,0
Urban Road,53.63,5,2025-07-01 01:00:00,0
Rural Bypass,24.13,19,2025-07-01 01:10:00,0
Rural Bypass,34.81,28,2025-07-01 01:20:00,0
Highway 2,36.38,10,2025-07-01 01:30:00,0
Industrial Zone,71.98,22,2025-07-01 01:40:00,0
Urban Road,51.01,10,2025-07-01 01:50:00,0
Industrial Zone,41.83,26,2025-07-01 02:00:00,0
Industrial Zone,32.74,28,2025-07-01 02:10:00,0
Industrial Zone,40.99,22,2025-07-01 02:20:00,0
Rural Bypass,40.97,43,2025-07-01 02:30:00,0
Highway 2,49.8,14,2025-07-01 02:40:00,0
Highway 1,62.34,12,2025-07-01 02:50:00,0
Rural Bypass,53.13,5,2025-07-01 03:00:00,0
Highway 1,30.08,26,2025-07-01 03:10:00,0
Industrial Zone,61.08,26,2025-07-01 03:20:00,0
Industrial Zone,48.27,21,2025-07-01 03:30:00,0
Rural Bypass,27.82,17,2025-07-01 03:40:00,0
Urban Road,43.09,35,2025-07-01 03:50:00,0
Industrial Zone,55.15,7,2025-07-01 04:00:00,0
Industrial Zone,54.86,21,2025-07-01 04:10:00,0
Industrial Zone,39.85,31,2025-07-01 04:20:00,0
Industrial Zone,65.46,34,2025-07-01 04:30:00,0
Highway 2,37.41,21,2025-07-01 04:40:00,0
Highway 2,54.97,34,2025-07-01 04:50:00,0
City Center,42.81,23,2025-07-01 05:00:00,0
Highway 1,33.4,13,2025-07-01 05:10:00,0
Urban Road,62.19,38,2025-07-01 05:20:00,0
City Center,48.92,35,2025-07-01 05:30:00,0
Industrial Zone,55.42,18,2025-07-01 05:40:00,0
Urban Road,55.42,40,2025-07-01 05:50:00,0
Highway 2,49.46,40,2025-07-01 06:00:00,0
Urban Road,10.7,33,2025-07-01 06:10:00,0
Highway 1,51.31,22,2025-07-01 06:20:00,0
Industrial Zone,51.38,5,2025-07-01 06:30:00,0
Industrial Zone,46.7,28,2025-07-01 06:40:00,0
Rural Bypass,72.17,19,2025-07-01 06:50:00,0
Rural Bypass,37.87,19,2025-07-01 07:00:00,0
Highway 2,63.73,28,2025-07-01 07:10:00,0
Rural Bypass,42.05,30,2025-07-01 07:20:00,0
Industrial Zone,51.46,34,2025-07-01 07:30:00,0
Urban Road,39.47,21,2025-07-01 07:40:00,0
Highway 2,44.12,10,2025-07-01 07:50:00,0
Highway 2,54.44,27,2025-07-01 08:00:00,0
Urban Road,50.08,22,2025-07-01 08:10:00,0
Highway 2,28.77,20,2025-07-01 08:20:00,0
Highway 1,44.86,16,2025-07-01 08:30:00,0
City Center,47.58,29,2025-07-01 08:40:00,0
Industrial Zone,78.29,26,2025-07-01 08:50:00,0
Rural Bypass,53.86,24,2025-07-01 09:00:00,0
Rural Bypass,21.22,24,2025-07-01 09:10:00,0
Urban Road,50.9,49,2025-07-01 09:20:00,0
Industrial Zone,47.11,28,2025-07-01 09:30:00,0
Highway 2,49.48,13,2025-07-01 09:40:00,0
City Center,67.14,32,2025-07-01 09:50:00,0
Urban Road,61.87,15,2025-07-01 10:00:00,0
Industrial Zone,71.04,10,2025-07-01 10:10:00,0
Industrial Zone,58.8,46,2025-07-01 10:20:00,0
Urban Road,35.14,19,2025-07-01 10:30:00,0
Urban Road,51.49,19,2025-07-01 10:40:00,0
City Center,26.74,25,2025-07-01 10:50:00,0
Rural Bypass,34.07,29,2025-07-01 11:00:00,0
Urban Road,36.21,40,2025-07-01 11:10:00,0
Industrial Zone,38.25,21,2025-07-01 11:20:00,0
Highway 2,62.2,12,2025-07-01 11:30:00,0
Rural Bypass,53.41,38,2025-07-01 11:40:00,0
Highway 1,25.89,26,2025-07-01 11:50:00,0
City Center,53.9,32,2025-07-01 12:00:00,0
Rural Bypass,31.45,11,2025-07-01 12:10:00,0
Urban Road,57.83,27,2025-07-01 12:20:00,0
Urban Road,53.76,28,2025-07-01 12:30:00,0
City Center,39.8,27,2025-07-01 12:40:00,0
Urban Road,54.4,17,2025-07-01 12:50:00,0
Urban Road,77.99,29,2025-07-01 13:00:00,0
Industrial Zone,32.13,31,2025-07-01 13:10:00,0
Urban Road,35.38,32,2025-07-01 13:20:00,0
City Center,67.38,16,2025-07-01 13:30:00,0
Industrial Zone,64.45,29,2025-07-01 13:40:00,0
Industrial Zone,62.33,43,2025-07-01 13:50:00,0
City Center,46.32,17,2025-07-01 14:00:00,0
Industrial Zone,36.66,16,2025-07-01 14:10:00,0
Highway 2,48.84,28,2025-07-01 14:20:00,0
Industrial Zone,54.15,33,2025-07-01 14:30:00,0
Industrial Zone,50.2,39,2025-07-01 14:40:00,0
Highway 2,46.03,52,2025-07-01 14:50:00,0
Rural Bypass,59.39,16,2025-07-01 15:00:00,0
Rural Bypass,33.94,29,2025-07-01 15:10:00,0
Urban Road,46.65,32,2025-07-01 15:20:00,0
Industrial Zone,57.1,24,2025-07-01 15:30:00,0
Industrial Zone,37.3,9,2025-07-01 15:40:00,0
Industrial Zone,43.3,33,2025-07-01 15:50:00,0
Highway 2,53.21,12,2025-07-01 16:00:00,0
Urban Road,52.6,28,2025-07-01 16:10:00,0
Urban Road,36.74,26,2025-07-01 16:20:00,0
City Center,50.87,13,2025-07-01 16:30:00,0
City Center,55.37,30,2025-07-01 16:40:00,0
Rural Bypass,66.25,35,2025-07-01 16:50:00,0
City Center,29.33,15,2025-07-01 17:00:00,0
Highway 2,57.73,30,2025-07-01 17:10:00,0
Highway 1,57.73,63,2025-07-01 17:20:00,0
City Center,58.56,36,2025-07-01 17:30:00,0
Industrial Zone,64.31,31,2025-07-01 17:40:00,0
Highway 1,45.27,32,2025-07-01 17:50:00,0
Highway 1,38.41,22,2025-07-01 18:00:00,0
Highway 1,42.72,25,2025-07-01 18:10:00,0
City Center,84.72,6,2025-07-01 18:20:00,0
City Center,60.29,8,2025-07-01 18:30:00,0
Rural Bypass,42.92,35,2025-07-01 18:40:00,0
Industrial Zone,50.96,14,2025-07-01 18:50:00,0
City Center,39.27,31,2025-07-01 19:00:00,0
Industrial Zone,39.04,27,2025-07-01 19:10:00,0
Urban Road,50.68,18,2025-07-01 19:20:00,0
Highway 2,82.16,31,2025-07-01 19:30:00,0
Rural Bypass,19.62,26,2025-07-01 19:40:00,0
Highway 1,40.07,33,2025-07-01 19:50:00,0
Highway 2,38.11,23,2025-07-01 20:00:00,0
Urban Road,57.57,33,2025-07-01 20:10:00,0
City Center,32.0,21,2025-07-01 20:20:00,0
Highway 1,42.88,18,2025-07-01 20:30:00,0
City Center,76.48,29,2025-07-01 20:40:00,0
Urban Road,31.09,34,2025-07-01 20:50:00,0
Highway 2,81.83,35,2025-07-01 21:00:00,0
Urban Road,27.21,20,2025-07-01 21:10:00,0
Rural Bypass,69.0,17,2025-07-01 21:20:00,0
Industrial Zone,56.66,32,2025-07-01 21:30:00,0
Rural Bypass,36.1,24,2025-07-01 21:40:00,0
Industrial Zone,1.38,14,2025-07-01 21:50:00,1
Highway 1,46.21,12,2025-07-01 22:00:00,0
City Center,74.49,10,2025-07-01 22:10:00,0
Highway 2,43.4,26,2025-07-01 22:20:00,0
Industrial Zone,71.62,10,2025-07-01 22:30:00,0
Highway 1,67.45,25,2025-07-01 22:40:00,0
Rural Bypass,35.28,29,2025-07-01 22:50:00,0
Highway 1,52.99,18,2025-07-01 23:00:00,0
City Center,51.05,21,2025-07-01 23:10:00,0
Industrial Zone,51.7,31,2025-07-01 23:20:00,0
Urban Road,73.79,12,2025-07-01 23:30:00,0
Highway 1,82.0,5,2025-07-01 23:40:00,0
City Center,47.72,30,2025-07-01 23:50:00,0
Highway 2,54.21,18,2025-07-02 00:00:00,0
Rural Bypass,46.88,20,2025-07-02 00:10:00,0
Highway 1,41.16,33,2025-07-02 00:20:00,0
Highway 2,55.36,18,2025-07-02 00:30:00,0
Urban Road,63.49,28,2025-07-02 00:40:00,0
Highway 1,62.19,31,2025-07-02 00:50:00,0
Highway 2,37.57,19,2025-07-02 01:00:00,0
Industrial Zone,61.21,31,2025-07-02 01:10:00,0
City Center,49.69,26,2025-07-02 01:20:00,0
Industrial Zone,69.16,19,2025-07-02 01:30:00,0
Highway 2,58.21,22,2025-07-02 01:40:00,0
Highway 2,46.73,35,2025-07-02 01:50:00,0
Urban Road,62.38,33,2025-07-02 02:00:00,0
Industrial Zone,69.58,25,2025-07-02 02:10:00,0
City Center,60.23,21,2025-07-02 02:20:00,0
Rural Bypass,54.86,23,2025-07-02 02:30:00,0
Highway 1,51.45,30,2025-07-02 02:40:00,0
Industrial Zone,37.73,45,2025-07-02 02:50:00,0
Highway 2,34.91,12,2025-07-02 03:00:00,0
Urban Road,67.37,32,2025-07-02 03:10:00,0
City Center,59.36,31,2025-07-02 03:20:00,0
Highway 2,49.82,16,2025-07-02 03:30:00,0
Rural Bypass,51.14,18,2025-07-02 03:40:00,0
Industrial Zone,64.63,23,2025-07-02 03:50:00,0
Rural Bypass,37.62,21,2025-07-02 04:00:00,0
Urban Road,56.19,19,2025-07-02 04:10:00,0
Urban Road,37.67,27,2025-07-02 04:20:00,0
Industrial Zone,53.67,19,2025-07-02 04:30:00,0
Industrial Zone,42.93,27,2025-07-02 04:40:00,0
Highway 2,28.28,10,2025-07-02 04:50:00,0
Highway 1,39.22,22,2025-07-02 05:00:00,0
City Center,54.66,39,2025-07-02 05:10:00,0
Rural Bypass,62.86,23,2025-07-02 05:20:00,0
Highway 2,49.71,14,2025-07-02 05:30:00,0
Industrial Zone,49.72,22,2025-07-02 05:40:00,0
Industrial Zone,54.84,16,2025-07-02 05:50:00,0
Highway 2,57.79,40,2025-07-02 06:00:00,0
Highway 2,48.37,29,2025-07-02 06:10:00,0
City Center,60.35,20,2025-07-02 06:20:00,0
Highway 2,53.36,25,2025-07-02 06:30:00,0
Highway 2,51.47,17,2025-07-02 06:40:00,0
Rural Bypass,50.37,29,2025-07-02 06:50:00,0
Highway 2,71.77,34,2025-07-02 07:00:00,0
Highway 1,82.3,17,2025-07-02 07:10:00,0
Highway 2,63.08,26,2025-07-02 07:20:00,0
Rural Bypass,82.85,16,2025-07-02 07:30:00,0
Highway 1,37.4,19,2025-07-02 07:40:00,0
Industrial Zone,18.14,19,2025-07-02 07:50:00,0
Industrial Zone,38.61,26,2025-07-02 08:00:00,0
Urban Road,55.13,43,2025-07-02 08:10:00,0
City Center,64.26,19,2025-07-02 08:20:00,0
Rural Bypass,36.52,29,2025-07-02 08:30:00,0
Urban Road,30.2,43,2025-07-02 08:40:00,0
City Center,67.69,20,2025-07-02 08:50:00,0
City Center,24.3,38,2025-07-02 09:00:00,0
Highway 1,48.28,37,2025-07-02 09:10:00,0
Rural Bypass,26.08,19,2025-07-02 09:20:00,0
City Center,50.08,25,2025-07-02 09:30:00,0
Highway 1,43.25,31,2025-07-02 09:40:00,0
Urban Road,33.99,23,2025-07-02 09:50:00,0
Industrial Zone,51.8,30,2025-07-02 10:00:00,0
Industrial Zone,60.67,13,2025-07-02 10:10:00,0
Industrial Zone,26.99,37,2025-07-02 10:20:00,0
Rural Bypass,54.98,17,2025-07-02 10:30:00,0
City Center,73.27,26,2025-07-02 10:40:00,0
City Center,67.69,25,2025-07-02 10:50:00,0
Urban Road,80.91,42,2025-07-02 11:00:00,0
Highway 1,46.27,34,2025-07-02 11:10:00,0
Rural Bypass,59.68,38,2025-07-02 11:20:00,0
Industrial Zone,35.53,31,2025-07-02 11:30:00,0
City Center,65.88,7,2025-07-02 11:40:00,0
Highway 1,32.25,4,2025-07-02 11:50:00,0
Rural Bypass,45.96,32,2025-07-02 12:00:00,0
Highway 2,72.54,25,2025-07-02 12:10:00,0
City Center,74.43,11,2025-07-02 12:20:00,0
Urban Road,24.45,24,2025-07-02 12:30:00,0
Highway 1,55.76,24,2025-07-02 12:40:00,0
Highway 1,18.99,24,2025-07-02 12:50:00,0
Urban Road,30.43,31,2025-07-02 13:00:00,0
Industrial Zone,55.5,15,2025-07-02 13:10:00,0
Industrial Zone,42.29,14,2025-07-02 13:20:00,0
Highway 1,49.06,34,2025-07-02 13:30:00,0
Urban Road,35.21,30,2025-07-02 13:40:00,0
Highway 2,42.05,17,2025-07-02 13:50:00,0
City Center,48.39,14,2025-07-02 14:00:00,0
Rural Bypass,41.7,13,2025-07-02 14:10:00,0
Industrial Zone,79.47,25,2025-07-02 14:20:00,0
City Center,39.5,27,2025-07-02 14:30:00,0
Urban Road,48.32,22,2025-07-02 14:40:00,0
City Center,59.21,32,2025-07-02 14:50:00,0
Industrial Zone,42.04,19,2025-07-02 15:00:00,0
Urban Road,45.87,1,2025-07-02 15:10:00,1
Industrial Zone,27.27,38,2025-07-02 15:20:00,0
Rural Bypass,74.67,22,2025-07-02 15:30:00,0
Urban Road,58.65,28,2025-07-02 15:40:00,0
Rural Bypass,96.18,36,2025-07-02 15:50:00,0
Highway 2,48.08,15,2025-07-02 16:00:00,0
Rural Bypass,25.9,27,2025-07-02 16:10:00,0
Rural Bypass,38.65,10,2025-07-02 16:20:00,0
City Center,40.3,14,2025-07-02 16:30:00,0
Rural Bypass,75.31,33,2025-07-02 16:40:00,0
City Center,49.88,39,2025-07-02 16:50:00,0
Industrial Zone,51.16,16,2025-07-02 17:00:00,0
Urban Road,72.85,30,2025-07-02 17:10:00,0
Highway 1,34.44,23,2025-07-02 17:20:00,0
City Center,36.87,11,2025-07-02 17:30:00,0
City Center,63.89,44,2025-07-02 17:40:00,0
Rural Bypass,29.02,30,2025-07-02 17:50:00,0
Highway 2,40.24,20,2025-07-02 18:00:00,0
Industrial Zone,41.11,16,2025-07-02 18:10:00,0
Urban Road,50.73,16,2025-07-02 18:20:00,0
Highway 2,54.06,24,2025-07-02 18:30:00,0
Urban Road,46.42,15,2025-07-02 18:40:00,0
Urban Road,41.35,32,2025-07-02 18:50:00,0
Urban Road,57.51,15,2025-07-02 19:00:00,0
City Center,51.49,32,2025-07-02 19:10:00,0
Highway 2,24.96,30,2025-07-02 19:20:00,0
Industrial Zone,40.06,30,2025-07-02 19:30:00,0
Industrial Zone,38.55,6,2025-07-02 19:40:00,0
Highway 2,25.59,25,2025-07-02 19:50:00,0
Urban Road,53.9,15,2025-07-02 20:00:00,0
Urban Road,59.58,8,2025-07-02 20:10:00,0
Industrial Zone,49.01,12,2025-07-02 20:20:00,0
Highway 1,40.22,25,2025-07-02 20:30:00,0
Highway 2,37.09,21,2025-07-02 20:40:00,0
City Center,65.09,19,2025-07-02 20:50:00,0
Industrial Zone,62.54,13,2025-07-02 21:00:00,0
Rural Bypass,57.95,39,2025-07-02 21:10:00,0
Highway 1,12.93,17,2025-07-02 21:20:00,0
Urban Road,58.66,22,2025-07-02 21:30:00,0
Industrial Zone,55.57,18,2025-07-02 21:40:00,0
Urban Road,51.3,23,2025-07-02 21:50:00,0
Rural Bypass,67.52,27,2025-07-02 22:00:00,0
Highway 1,55.06,20,2025-07-02 22:10:00,0
Highway 1,42.69,20,2025-07-02 22:20:00,0
Highway 2,55.92,20,2025-07-02 22:30:00,0
Highway 2,54.35,45,2025-07-02 22:40:00,0
Rural Bypass,63.07,21,2025-07-02 22:50:00,0
Highway 1,68.02,20,2025-07-02 23:00:00,0
Urban Road,19.43,14,2025-07-02 23:10:00,0
Industrial Zone,21.94,21,2025-07-02 23:20:00,0
Urban Road,50.28,41,2025-07-02 23:30:00,0
Industrial Zone,54.9,22,2025-07-02 23:40:00,0
Highway 2,62.44,2,2025-07-02 23:50:00,1
Urban Road,53.53,32,2025-07-03 00:00:00,0
Urban Road,27.82,36,2025-07-03 00:10:00,0
Highway 1,55.08,20,2025-07-03 00:20:00,0
Industrial Zone,59.49,47,2025-07-03 00:30:00,0
Highway 2,52.73,27,2025-07-03 00:40:00,0
Highway 2,43.11,16,2025-07-03 00:50:00,0
Industrial Zone,62.46,16,2025-07-03 01:00:00,0
Highway 1,51.07,20,2025-07-03 01:10:00,0
Highway 1,57.18,28,2025-07-03 01:20:00,0
Highway 1,65.56,19,2025-07-03 01:30:00,0
Rural Bypass,45.95,15,2025-07-03 01:40:00,0
City Center,43.34,28,2025-07-03 01:50:00,0
Rural Bypass,61.35,15,2025-07-03 02:00:00,0
Highway 1,63.04,38,2025-07-03 02:10:00,0
Industrial Zone,56.2,43,2025-07-03 02:20:00,0
City Center,38.39,12,2025-07-03 02:30:00,0
Urban Road,23.32,39,2025-07-03 02:40:00,0
Highway 2,59.82,24,2025-07-03 02:50:00,0
Rural Bypass,54.2,13,2025-07-03 03:00:00,0
Highway 2,86.69,26,2025-07-03 03:10:00,0
Highway 1,51.64,32,2025-07-03 03:20:00,0
Urban Road,57.22,27,2025-07-03 03:30:00,0
Urban Road,38.14,29,2025-07-03 03:40:00,0
Rural Bypass,78.23,38,2025-07-03 03:50:00,0
Highway 2,73.9,19,2025-07-03 04:00:00,0
Rural Bypass,35.16,23,2025-07-03 04:10:00,0
Highway 1,50.84,35,2025-07-03 04:20:00,0
Rural Bypass,24.61,40,2025-07-03 04:30:00,0
Highway 2,47.63,20,2025-07-03 04:40:00,0
Highway 1,34.82,8,2025-07-03 04:50:00,0
Industrial Zone,62.35,25,2025-07-03 05:00:00,0
Industrial Zone,30.65,12,2025-07-03 05:10:00,0
City Center,44.96,41,2025-07-03 05:20:00,0
Industrial Zone,46.11,9,2025-07-03 05:30:00,0
Rural Bypass,46.31,22,2025-07-03 05:40:00,0
Industrial Zone,9.55,24,2025-07-03 05:50:00,1
Highway 1,46.54,31,2025-07-03 06:00:00,0
Highway 1,77.73,36,2025-07-03 06:10:00,0
Industrial Zone,45.97,13,2025-07-03 06:20:00,0
Highway 1,88.6,25,2025-07-03 06:30:00,0
Highway 1,50.21,24,2025-07-03 06:40:00,0
Rural Bypass,52.97,23,2025-07-03 06:50:00,0
Highway 2,41.4,19,2025-07-03 07:00:00,0
Highway 2,49.51,19,2025-07-03 07:10:00,0
Urban Road,39.31,26,2025-07-03 07:20:00,0
Highway 2,46.18,40,2025-07-03 07:30:00,0
Urban Road,10.24,35,2025-07-03 07:40:00,0
Highway 1,68.69,4,2025-07-03 07:50:00,0
City Center,44.86,21,2025-07-03 08:00:00,0
Urban Road,28.89,17,2025-07-03 08:10:00,0
Urban Road,33.34,42,2025-07-03 08:20:00,0
City Center,64.04,37,2025-07-03 08:30:00,0
Rural Bypass,60.83,13,2025-07-03 08:40:00,0
Rural Bypass,42.13,29,2025-07-03 08:50:00,0
Highway 2,31.67,32,2025-07-03 09:00:00,0
Highway 1,46.4,21,2025-07-03 09:10:00,0
Highway 1,60.66,29,2025-07-03 09:20:00,0
Highway 2,44.59,36,2025-07-03 09:30:00,0
Industrial Zone,33.78,31,2025-07-03 09:40:00,0
City Center,58.9,21,2025-07-03 09:50:00,0
Industrial Zone,54.89,12,2025-07-03 10:00:00,0
Highway 1,63.86,23,2025-07-03 10:10:00,0
City Center,42.16,35,2025-07-03 10:20:00,0
Industrial Zone,39.43,10,2025-07-03 10:30:00,0
Industrial Zone,26.65,31,2025-07-03 10:40:00,0
City Center,30.79,42,2025-07-03 10:50:00,0
Highway 1,18.77,41,2025-07-03 11:00:00,0
Highway 2,53.17,24,2025-07-03 11:10:00,0
Highway 2,41.83,28,2025-07-03 11:20:00,0
Highway 1,49.44,36,2025-07-03 11:30:00,0
Highway 2,51.71,26,2025-07-03 11:40:00,0
Urban Road,44.55,24,2025-07-03 11:50:00,0
Highway 1,54.62,7,2025-07-03 12:00:00,0
Urban Road,29.78,32,2025-07-03 12:10:00,0
City Center,52.56,23,2025-07-03 12:20:00,0
Industrial Zone,50.28,28,2025-07-03 12:30:00,0
Urban Road,41.9,17,2025-07-03 12:40:00,0
Rural Bypass,52.94,15,2025-07-03 12:50:00,0
Highway 1,56.12,7,2025-07-03 13:00:00,0
City Center,65.44,29,2025-07-03 13:10:00,0
Industrial Zone,53.84,34,2025-07-03 13:20:00,0
Highway 2,74.98,35,2025-07-03 13:30:00,0
Rural Bypass,22.39,12,2025-07-03 13:40:00,0
Rural Bypass,40.63,25,2025-07-03 13:50:00,0
Rural Bypass,57.76,17,2025-07-03 14:00:00,0
City Center,52.8,17,2025-07-03 14:10:00,0
Highway 2,40.83,10,2025-07-03 14:20:00,0
Highway 2,36.15,11,2025-07-03 14:30:00,0
Highway 1,35.36,35,2025-07-03 14:40:00,0
Highway 1,35.76,51,2025-07-03 14:50:00,0
City Center,57.4,26,2025-07-03 15:00:00,0
Rural Bypass,37.12,32,2025-07-03 15:10:00,0
Highway 2,41.37,26,2025-07-03 15:20:00,0
Urban Road,88.4,24,2025-07-03 15:30:00,0
Urban Road,67.24,17,2025-07-03 15:40:00,0
Industrial Zone,49.48,42,2025-07-03 15:50:00,0
Rural Bypass,40.6,43,2025-07-03 16:00:00,0
Rural Bypass,60.62,19,2025-07-03 16:10:00,0
City Center,59.49,34,2025-07-03 16:20:00,0
Rural Bypass,59.33,9,2025-07-03 16:30:00,0
Highway 1,39.09,22,2025-07-03 16:40:00,0
Highway 1,48.88,31,2025-07-03 16:50:00,0
Highway 2,52.67,11,2025-07-03 17:00:00,0
Urban Road,55.7,31,2025-07-03 17:10:00,0
Rural Bypass,58.4,35,2025-07-03 17:20:00,0
Urban Road,62.51,29,2025-07-03 17:30:00,0
Rural Bypass,48.95,8,2025-07-03 17:40:00,0
Industrial Zone,56.44,27,2025-07-03 17:50:00,0
Highway 2,54.07,12,2025-07-03 18:00:00,0
Highway 1,33.78,35,2025-07-03 18:10:00,0
Highway 2,49.41,31,2025-07-03 18:20:00,0
Highway 2,50.42,25,2025-07-03 18:30:00,0
Highway 2,64.07,19,2025-07-03 18:40:00,0
Urban Road,51.44,20,2025-07-03 18:50:00,0
Urban Road,43.48,21,2025-07-03 19:00:00,0
Rural Bypass,53.33,20,2025-07-03 19:10:00,0
Highway 1,68.84,16,2025-07-03 19:20:00,0
Highway 1,47.2,20,2025-07-03 19:30:00,0
Industrial Zone,71.7,26,2025-07-03 19:40:00,0
Industrial Zone,65.48,10,2025-07-03 19:50:00,0
Industrial Zone,54.01,33,2025-07-03 20:00:00,0
Highway 2,51.23,35,2025-07-03 20:10:00,0
Highway 1,42.24,39,2025-07-03 20:20:00,0
Highway 2,84.48,21,2025-07-03 20:30:00,0
Highway 2,43.32,39,2025-07-03 20:40:00,0
Rural Bypass,73.69,19,2025-07-03 20:50:00,0
Industrial Zone,43.7,22,2025-07-03 21:00:00,0
City Center,29.83,15,2025-07-03 21:10:00,0
Highway 2,34.94,17,2025-07-03 21:20:00,0
Highway 1,49.48,27,2025-07-03 21:30:00,0
Urban Road,73.26,15,2025-07-03 21:40:00,0
Rural Bypass,64.76,22,2025-07-03 21:50:00,0
Urban Road,49.26,31,2025-07-03 22:00:00,0
Highway 1,33.16,28,2025-07-03 22:10:00,0
Highway 1,52.5,29,2025-07-03 22:20:00,0
Highway 2,54.34,49,2025-07-03 22:30:00,0
Highway 1,40.43,19,2025-07-03 22:40:00,0
City Center,40.65,19,2025-07-03 22:50:00,0
City Center,40.44,36,2025-07-03 23:00:00,0
Rural Bypass,71.31,19,2025-07-03 23:10:00,0
Urban Road,37.51,29,2025-07-03 23:20:00,0
Rural Bypass,41.72,31,2025-07-03 23:30:00,0
Industrial Zone,53.04,9,2025-07-03 23:40:00,0
City Center,73.21,42,2025-07-03 23:50:00,0
Highway 2,40.81,21,2025-07-04 00:00:00,0
City Center,54.29,28,2025-07-04 00:10:00,0
Urban Road,59.88,45,2025-07-04 00:20:00,0
Highway 2,47.35,17,2025-07-04 00:30:00,0
Highway 1,29.31,17,2025-07-04 00:40:00,0
Highway 2,49.5,42,2025-07-04 00:50:00,0
Industrial Zone,42.24,27,2025-07-04 01:00:00,0
Urban Road,49.75,36,2025-07-04 01:10:00,0
Highway 2,87.9,19,2025-07-04 01:20:00,0
Urban Road,42.66,35,2025-07-04 01:30:00,0
Highway 2,60.23,43,2025-07-04 01:40:00,0
Industrial Zone,58.76,21,2025-07-04 01:50:00,0
Urban Road,58.86,36,2025-07-04 02:00:00,0
Urban Road,62.31,30,2025-07-04 02:10:00,0
City Center,66.0,36,2025-07-04 02:20:00,0
Highway 1,70.73,31,2025-07-04 02:30:00,0
Highway 1,47.49,26,2025-07-04 02:40:00,0
Rural Bypass,68.1,16,2025-07-04 02:50:00,0
City Center,55.53,21,2025-07-04 03:00:00,0
Highway 1,50.43,37,2025-07-04 03:10:00,0
Highway 1,52.87,25,2025-07-04 03:20:00,0
City Center,29.6,32,2025-07-04 03:30:00,0
Highway 1,59.68,46,2025-07-04 03:40:00,0
Highway 2,45.38,27,2025-07-04 03:50:00,0
City Center,53.74,40,2025-07-04 04:00:00,0
Industrial Zone,48.57,27,2025-07-04 04:10:00,0
Highway 1,59.12,26,2025-07-04 04:20:00,0
City Center,43.3,26,2025-07-04 04:30:00,0
City Center,66.1,14,2025-07-04 04:40:00,0
Industrial Zone,51.99,17,2025-07-04 04:50:00,0
Highway 1,67.93,9,2025-07-04 05:00:00,0
Industrial Zone,41.62,28,2025-07-04 05:10:00,0
Highway 1,73.48,24,2025-07-04 05:20:00,0
Highway 1,41.67,43,2025-07-04 05:30:00,0
Urban Road,28.28,3,2025-07-04 05:40:00,0
Highway 2,56.6,19,2025-07-04 05:50:00,0
Highway 1,34.68,32,2025-07-04 06:00:00,0
Highway 2,53.66,19,2025-07-04 06:10:00,0
Urban Road,30.8,33,2025-07-04 06:20:00,0
Urban Road,59.75,24,2025-07-04 06:30:00,0
City Center,77.7,14,2025-07-04 06:40:00,0
Urban Road,27.12,18,2025-07-04 06:50:00,0
Rural Bypass,49.32,27,2025-07-04 07:00:00,0
Industrial Zone,46.38,28,2025-07-04 07:10:00,0
City Center,31.23,39,2025-07-04 07:20:00,0
Highway 1,48.77,36,2025-07-04 07:30:00,0
Industrial Zone,55.14,29,2025-07-04 07:40:00,0
Industrial Zone,58.55,29,2025-07-04 07:50:00,0
City Center,59.64,38,2025-07-04 08:00:00,0
Highway 1,52.95,32,2025-07-04 08:10:00,0
Industrial Zone,48.65,39,2025-07-04 08:20:00,0
Highway 1,39.85,43,2025-07-04 08:30:00,0
Rural Bypass,49.4,10,2025-07-04 08:40:00,0
Industrial Zone,51.92,18,2025-07-04 08:50:00,0
City Center,62.61,18,2025-07-04 09:00:00,0
Highway 2,43.31,6,2025-07-04 09:10:00,0
City Center,43.22,0,2025-07-04 09:20:00,1
Highway 2,26.24,32,2025-07-04 09:30:00,0
Rural Bypass,61.79,29,2025-07-04 09:40:00,0
Urban Road,35.5,24,2025-07-04 09:50:00,0
Rural Bypass,49.95,13,2025-07-04 10:00:00,0
Urban Road,72.55,33,2025-07-04 10:10:00,0
Highway 1,46.69,25,2025-07-04 10:20:00,0
Highway 1,53.13,4,2025-07-04 10:30:00,0
Industrial Zone,46.29,18,2025-07-04 10:40:00,0
Industrial Zone,34.98,22,2025-07-04 10:50:00,0
City Center,76.97,31,2025-07-04 11:00:00,0
Industrial Zone,41.43,30,2025-07-04 11:10:00,0
Industrial Zone,70.99,34,2025-07-04 11:20:00,0
Highway 2,50.89,18,2025-07-04 11:30:00,0
Highway 1,60.47,28,2025-07-04 11:40:00,0
City Center,63.43,31,2025-07-04 11:50:00,0
Highway 1,65.74,19,2025-07-04 12:00:00,0
Rural Bypass,69.76,26,2025-07-04 12:10:00,0
City Center,81.13,18,2025-07-04 12:20:00,0
Highway 2,76.04,26,2025-07-04 12:30:00,0
Urban Road,40.23,20,2025-07-04 12:40:00,0
City Center,45.19,29,2025-07-04 12:50:00,0
Highway 1,57.84,19,2025-07-04 13:00:00,0
Industrial Zone,49.63,46,2025-07-04 13:10:00,0
Rural Bypass,75.91,29,2025-07-04 13:20:00,0
Industrial Zone,50.57,26,2025-07-04 13:30:00,0
Highway 1,59.2,14,2025-07-04 13:40:00,0
Industrial Zone,46.14,8,2025-07-04 13:50:00,0
Urban Road,55.99,31,2025-07-04 14:00:00,0
Industrial Zone,42.75,40,2025-07-04 14:10:00,0
Highway 2,31.61,10,2025-07-04 14:20:00,0
Rural Bypass,53.37,35,2025-07-04 14:30:00,0
Highway 1,75.26,20,2025-07-04 14:40:00,0
Highway 1,66.18,24,2025-07-04 14:50:00,0
Highway 1,47.41,33,2025-07-04 15:00:00,0
Highway 1,59.78,9,2025-07-04 15:10:00,0
Highway 2,72.15,38,2025-07-04 15:20:00,0
Industrial Zone,40.62,28,2025-07-04 15:30:00,0
Highway 2,57.41,27,2025-07-04 15:40:00,0
City Center,41.75,18,2025-07-04 15:50:00,0
Industrial Zone,49.62,36,2025-07-04 16:00:00,0
Urban Road,58.15,21,2025-07-04 16:10:00,0
Industrial Zone,61.58,0,2025-07-04 16:20:00,1
Rural Bypass,67.23,7,2025-07-04 16:30:00,0
City Center,44.56,13,2025-07-04 16:40:00,0
City Center,30.58,36,2025-07-04 16:50:00,0
City Center,42.98,28,2025-07-04 17:00:00,0
City Center,49.3,29,2025-07-04 17:10:00,0
Highway 1,51.15,12,2025-07-04 17:20:00,0
Industrial Zone,64.94,20,2025-07-04 17:30:00,0
Industrial Zone,26.65,20,2025-07-04 17:40:00,0
Highway 1,72.51,33,2025-07-04 17:50:00,0
Rural Bypass,44.77,21,2025-07-04 18:00:00,0
City Center,45.18,45,2025-07-04 18:10:00,0
Industrial Zone,55.73,29,2025-07-04 18:20:00,0
Urban Road,65.45,27,2025-07-04 18:30:00,0
Industrial Zone,46.11,23,2025-07-04 18:40:00,0
Highway 1,48.93,24,2025-07-04 18:50:00,0
Highway 2,60.91,25,2025-07-04 19:00:00,0
Urban Road,60.99,24,2025-07-04 19:10:00,0
City Center,51.18,5,2025-07-04 19:20:00,0
City Center,63.74,28,2025-07-04 19:30:00,0
Industrial Zone,64.97,0,2025-07-04 19:40:00,1
Rural Bypass,81.33,23,2025-07-04 19:50:00,0
Rural Bypass,66.62,14,2025-07-04 20:00:00,0
Industrial Zone,59.19,14,2025-07-04 20:10:00,0
Industrial Zone,40.64,44,2025-07-04 20:20:00,0
Highway 1,47.14,27,2025-07-04 20:30:00,0
Urban Road,63.05,29,2025-07-04 20:40:00,0
Urban Road,52.26,28,2025-07-04 20:50:00,0
Rural Bypass,86.05,24,2025-07-04 21:00:00,0
Highway 2,53.02,35,2025-07-04 21:10:00,0
Highway 2,66.58,36,2025-07-04 21:20:00,0
City Center,59.58,13,2025-07-04 21:30:00,0
Highway 2,74.5,13,2025-07-04 21:40:00,0
Urban Road,54.54,17,2025-07-04 21:50:00,0
Highway 2,49.04,28,2025-07-04 22:00:00,0
Urban Road,54.82,29,2025-07-04 22:10:00,0
Urban Road,74.21,29,2025-07-04 22:20:00,0
City Center,46.34,34,2025-07-04 22:30:00,0
Rural Bypass,67.84,12,2025-07-04 22:40:00,0
City Center,58.96,32,2025-07-04 22:50:00,0
City Center,45.54,38,2025-07-04 23:00:00,0
City Center,47.75,26,2025-07-04 23:10:00,0
Highway 1,47.4,25,2025-07-04 23:20:00,0
City Center,33.56,10,2025-07-04 23:30:00,0
Industrial Zone,73.92,16,2025-07-04 23:40:00,0
City Center,35.13,3,2025-07-04 23:50:00,0
Urban Road,40.42,11,2025-07-05 00:00:00,0
Highway 2,74.63,35,2025-07-05 00:10:00,0
Urban Road,39.68,47,2025-07-05 00:20:00,0
City Center,64.73,21,2025-07-05 00:30:00,0
Highway 2,12.51,47,2025-07-05 00:40:00,0
Rural Bypass,29.16,8,2025-07-05 00:50:00,0
Highway 2,65.34,49,2025-07-05 01:00:00,0
City Center,70.76,30,2025-07-05 01:10:00,0
Highway 1,58.92,33,2025-07-05 01:20:00,0
Industrial Zone,61.38,27,2025-07-05 01:30:00,0
Rural Bypass,51.56,24,2025-07-05 01:40:00,0
Highway 1,38.69,22,2025-07-05 01:50:00,0
Rural Bypass,24.61,24,2025-07-05 02:00:00,0
Urban Road,35.17,13,2025-07-05 02:10:00,0
Urban Road,52.7,38,2025-07-05 02:20:00,0
Rural Bypass,63.77,9,2025-07-05 02:30:00,0
Industrial Zone,35.16,34,2025-07-05 02:40:00,0
City Center,35.26,22,2025-07-05 02:50:00,0
Urban Road,58.25,15,2025-07-05 03:00:00,0
Rural Bypass,51.58,11,2025-07-05 03:10:00,0
Rural Bypass,40.98,28,2025-07-05 03:20:00,0
Industrial Zone,26.11,29,2025-07-05 03:30:00,0
City Center,49.71,30,2025-07-05 03:40:00,0
Urban Road,53.36,38,2025-07-05 03:50:00,0
Industrial Zone,51.88,20,2025-07-05 04:00:00,0
Industrial Zone,51.83,30,2025-07-05 04:10:00,0
Urban Road,50.73,25,2025-07-05 04:20:00,0
Industrial Zone,39.47,18,2025-07-05 04:30:00,0
Rural Bypass,28.96,42,2025-07-05 04:40:00,0
Industrial Zone,31.34,18,2025-07-05 04:50:00,0
Rural Bypass,39.22,33,2025-07-05 05:00:00,0
Highway 1,45.58,37,2025-07-05 05:10:00,0
Highway 1,39.9,27,2025-07-05 05:20:00,0
Industrial Zone,37.47,46,2025-07-05 05:30:00,0
City Center,32.19,28,2025-07-05 05:40:00,0
City Center,59.51,29,2025-07-05 05:50:00,0
Highway 2,47.22,23,2025-07-05 06:00:00,0
Rural Bypass,50.66,23,2025-07-05 06:10:00,0
Rural Bypass,64.46,47,2025-07-05 06:20:00,0
City Center,41.64,11,2025-07-05 06:30:00,0
Urban Road,48.68,50,2025-07-05 06:40:00,0
City Center,37.94,41,2025-07-05 06:50:00,0
Rural Bypass,75.17,19,2025-07-05 07:00:00,0
Industrial Zone,58.53,41,2025-07-05 07:10:00,0
Industrial Zone,44.31,22,2025-07-05 07:20:00,0
Rural Bypass,41.27,14,2025-07-05 07:30:00,0
Industrial Zone,40.26,12,2025-07-05 07:40:00,0
Highway 1,50.51,17,2025-07-05 07:50:00,0
City Center,53.51,9,2025-07-05 08:00:00,0
Highway 1,54.96,33,2025-07-05 08:10:00,0
Highway 2,20.09,28,2025-07-05 08:20:00,0
Highway 1,68.42,12,2025-07-05 08:30:00,0
Highway 2,75.09,29,2025-07-05 08:40:00,0
Rural Bypass,39.42,24,2025-07-05 08:50:00,0
Highway 2,58.37,25,2025-07-05 09:00:00,0
Highway 2,58.08,15,2025-07-05 09:10:00,0
Highway 2,52.54,10,2025-07-05 09:20:00,0
Industrial Zone,48.33,15,2025-07-05 09:30:00,0
Highway 2,38.97,37,2025-07-05 09:40:00,0
City Center,66.37,31,2025-07-05 09:50:00,0
Highway 2,33.62,21,2025-07-05 10:00:00,0
Rural Bypass,68.2,26,2025-07-05 10:10:00,0
Industrial Zone,84.79,28,2025-07-05 10:20:00,0
Urban Road,52.88,21,2025-07-05 10:30:00,0
Urban Road,52.0,23,2025-07-05 10:40:00,0
Highway 2,60.62,34,2025-07-05 10:50:00,0
Highway 2,38.21,11,2025-07-05 11:00:00,0
Industrial Zone,22.46,30,2025-07-05 11:10:00,0
Urban Road,33.45,3,2025-07-05 11:20:00,0
Urban Road,55.83,49,2025-07-05 11:30:00,0
Rural Bypass,49.91,33,2025-07-05 11:40:00,0
Highway 2,51.23,24,2025-07-05 11:50:00,0
Highway 1,63.79,22,2025-07-05 12:00:00,0
Highway 2,54.01,28,2025-07-05 12:10:00,0
Rural Bypass,39.98,34,2025-07-05 12:20:00,0
Highway 2,47.38,17,2025-07-05 12:30:00,0
Urban Road,58.05,16,2025-07-05 12:40:00,0
Urban Road,50.42,24,2025-07-05 12:50:00,0
Highway 1,66.29,29,2025-07-05 13:00:00,0
City Center,49.62,33,2025-07-05 13:10:00,0
Rural Bypass,70.85,30,2025-07-05 13:20:00,0
Highway 1,50.16,11,2025-07-05 13:30:00,0
City Center,34.02,21,2025-07-05 13:40:00,0
Highway 1,40.86,23,2025-07-05 13:50:00,0
Highway 2,50.85,30,2025-07-05 14:00:00,0
Rural Bypass,48.94,29,2025-07-05 14:10:00,0
City Center,50.97,5,2025-07-05 14:20:00,0
Rural Bypass,35.91,23,2025-07-05 14:30:00,0
Rural Bypass,31.85,30,2025-07-05 14:40:00,0
City Center,72.96,37,2025-07-05 14:50:00,0
City Center,46.8,39,2025-07-05 15:00:00,0
Highway 1,52.23,21,2025-07-05 15:10:00,0
Highway 1,40.8,21,2025-07-05 15:20:00,0
Highway 2,44.18,26,2025-07-05 15:30:00,0
Industrial Zone,52.41,25,2025-07-05 15:40:00,0
Rural Bypass,56.55,36,2025-07-05 15:50:00,0
Highway 2,64.24,10,2025-07-05 16:00:00,0
Highway 2,11.69,34,2025-07-05 16:10:00,0
Highway 1,29.5,22,2025-07-05 16:20:00,0
City Center,32.45,6,2025-07-05 16:30:00,0
Urban Road,58.12,32,2025-07-05 16:40:00,0
Rural Bypass,41.35,0,2025-07-05 16:50:00,1
Industrial Zone,41.81,28,2025-07-05 17:00:00,0
Rural Bypass,27.82,26,2025-07-05 17:10:00,0
City Center,49.77,30,2025-07-05 17:20:00,0
Urban Road,51.79,15,2025-07-05 17:30:00,0
Rural Bypass,67.95,23,2025-07-05 17:40:00,0
Highway 2,49.59,15,2025-07-05 17:50:00,0
Industrial Zone,43.35,16,2025-07-05 18:00:00,0
Highway 1,47.41,42,2025-07-05 18:10:00,0
City Center,29.42,8,2025-07-05 18:20:00,0
Rural Bypass,72.07,22,2025-07-05 18:30:00,0
Rural Bypass,39.96,35,2025-07-05 18:40:00,0
Urban Road,40.92,43,2025-07-05 18:50:00,0
Industrial Zone,60.17,20,2025-07-05 19:00:00,0
City Center,82.36,18,2025-07-05 19:10:00,0
City Center,61.13,27,2025-07-05 19:20:00,0
Highway 1,69.53,40,2025-07-05 19:30:00,0
Highway 2,50.48,17,2025-07-05 19:40:00,0
Rural Bypass,56.9,18,2025-07-05 19:50:00,0
Highway 2,80.2,26,2025-07-05 20:00:00,0
Urban Road,44.52,26,2025-07-05 20:10:00,0
Highway 1,29.79,15,2025-07-05 20:20:00,0
Highway 1,68.01,18,2025-07-05 20:30:00,0
Highway 1,34.3,30,2025-07-05 20:40:00,0
Urban Road,67.79,32,2025-07-05 20:50:00,0
Industrial Zone,64.94,17,2025-07-05 21:00:00,0
Highway 1,28.67,40,2025-07-05 21:10:00,0
Highway 2,45.16,22,2025-07-05 21:20:00,0
Highway 2,69.92,30,2025-07-05 21:30:00,0
City Center,56.84,46,2025-07-05 21:40:00,0
Rural Bypass,40.35,34,2025-07-05 21:50:00,0
Urban Road,50.86,27,2025-07-05 22:00:00,0
Highway 1,72.93,30,2025-07-05 22:10:00,0
Rural Bypass,58.07,35,2025-07-05 22:20:00,0
Urban Road,44.53,16,2025-07-05 22:30:00,0
Industrial Zone,34.33,5,2025-07-05 22:40:00,0
City Center,80.84,13,2025-07-05 22:50:00,0
Highway 1,46.68,22,2025-07-05 23:00:00,0
Highway 2,54.61,33,2025-07-05 23:10:00,0
Highway 1,62.91,19,2025-07-05 23:20:00,0
Highway 1,47.49,27,2025-07-05 23:30:00,0
Rural Bypass,46.27,41,2025-07-05 23:40:00,0
City Center,57.36,32,2025-07-05 23:50:00,0
Industrial Zone,59.94,36,2025-07-06 00:00:00,0
Highway 2,52.72,12,2025-07-06 00:10:00,0
Industrial Zone,56.0,18,2025-07-06 00:20:00,0
Highway 2,42.07,30,2025-07-06 00:30:00,0
Industrial Zone,68.57,25,2025-07-06 00:40:00,0
Rural Bypass,54.63,42,2025-07-06 00:50:00,0
Urban Road,53.61,51,2025-07-06 01:00:00,0
Industrial Zone,58.48,7,2025-07-06 01:10:00,0
Highway 2,61.3,28,2025-07-06 01:20:00,0
Urban Road,69.35,31,2025-07-06 01:30:00,0
Highway 1,47.92,12,2025-07-06 01:40:00,0
Urban Road,46.86,16,2025-07-06 01:50:00,0
Highway 1,41.29,30,2025-07-06 02:00:00,0
Industrial Zone,75.05,28,2025-07-06 02:10:00,0
City Center,32.06,29,2025-07-06 02:20:00,0
Highway 1,67.95,18,2025-07-06 02:30:00,0
Highway 1,47.99,25,2025-07-06 02:40:00,0
Rural Bypass,38.23,31,2025-07-06 02:50:00,0
Highway 2,48.19,29,2025-07-06 03:00:00,0
City Center,36.69,20,2025-07-06 03:10:00,0
Industrial Zone,60.84,21,2025-07-06 03:20:00,0
Highway 2,75.9,21,2025-07-06 03:30:00,0
Highway 1,53.37,34,2025-07-06 03:40:00,0
Highway 2,28.72,7,2025-07-06 03:50:00,0
Highway 1,27.12,37,2025-07-06 04:00:00,0
Urban Road,41.72,50,2025-07-06 04:10:00,0
City Center,41.54,26,2025-07-06 04:20:00,0
Highway 1,73.13,45,2025-07-06 04:30:00,0
Highway 1,80.92,37,2025-07-06 04:40:00,0
Industrial Zone,65.36,30,2025-07-06 04:50:00,0
Industrial Zone,61.68,19,2025-07-06 05:00:00,0
Highway 2,37.73,24,2025-07-06 05:10:00,0
Industrial Zone,47.45,20,2025-07-06 05:20:00,0
Highway 1,60.45,34,2025-07-06 05:30:00,0
Urban Road,51.33,39,2025-07-06 05:40:00,0
Industrial Zone,32.87,23,2025-07-06 05:50:00,0
Rural Bypass,39.25,6,2025-07-06 06:00:00,0
Rural Bypass,48.76,23,2025-07-06 06:10:00,0
Highway 1,72.7,31,2025-07-06 06:20:00,0
Industrial Zone,34.64,43,2025-07-06 06:30:00,0
Urban Road,68.32,30,2025-07-06 06:40:00,0
Industrial Zone,46.6,15,2025-07-06 06:50:00,0
Rural Bypass,44.42,35,2025-07-06 07:00:00,0
Highway 1,78.27,40,2025-07-06 07:10:00,0
Urban Road,42.67,13,2025-07-06 07:20:00,0
Highway 2,52.11,7,2025-07-06 07:30:00,0
Urban Road,54.85,23,2025-07-06 07:40:00,0
Highway 1,43.01,9,2025-07-06 07:50:00,0
Urban Road,57.7,19,2025-07-06 08:00:00,0
Industrial Zone,32.45,0,2025-07-06 08:10:00,1
Industrial Zone,49.59,42,2025-07-06 08:20:00,0
Highway 2,74.92,20,2025-07-06 08:30:00,0
Highway 2,40.97,29,2025-07-06 08:40:00,0
Highway 2,35.02,28,2025-07-06 08:50:00,0
Industrial Zone,61.49,37,2025-07-06 09:00:00,0
Highway 2,48.5,22,2025-07-06 09:10:00,0
Highway 2,36.83,16,2025-07-06 09:20:00,0
Industrial Zone,46.6,28,2025-07-06 09:30:00,0
Urban Road,63.7,16,2025-07-06 09:40:00,0
Rural Bypass,72.39,22,2025-07-06 09:50:00,0
City Center,49.68,17,2025-07-06 10:00:00,0
Rural Bypass,13.64,33,2025-07-06 10:10:00,0
Industrial Zone,61.05,22,2025-07-06 10:20:00,0
City Center,51.0,30,2025-07-06 10:30:00,0
Rural Bypass,26.56,19,2025-07-06 10:40:00,0
Industrial Zone,61.91,12,2025-07-06 10:50:00,0
Urban Road,54.4,11,2025-07-06 11:00:00,0
Highway 1,57.0,24,2025-07-06 11:10:00,0
Industrial Zone,25.77,36,2025-07-06 11:20:00,0
City Center,38.98,16,2025-07-06 11:30:00,0
City Center,53.01,36,2025-07-06 11:40:00,0
Industrial Zone,34.76,25,2025-07-06 11:50:00,0
Urban Road,56.43,31,2025-07-06 12:00:00,0
Urban Road,52.65,21,2025-07-06 12:10:00,0
Highway 2,37.59,25,2025-07-06 12:20:00,0
Highway 2,33.92,0,2025-07-06 12:30:00,1
Industrial Zone,56.55,34,2025-07-06 12:40:00,0
Industrial Zone,14.56,14,2025-07-06 12:50:00,0
Rural Bypass,59.29,45,2025-07-06 13:00:00,0
Urban Road,50.31,17,2025-07-06 13:10:00,0
Industrial Zone,47.26,38,2025-07-06 13:20:00,0
Highway 2,40.31,17,2025-07-06 13:30:00,0
Highway 1,42.76,15,2025-07-06 13:40:00,0
Industrial Zone,51.84,41,2025-07-06 13:50:00,0
Highway 2,54.85,22,2025-07-06 14:00:00,0
Rural Bypass,45.62,9,2025-07-06 14:10:00,0
Industrial Zone,63.25,24,2025-07-06 14:20:00,0
City Center,47.29,56,2025-07-06 14:30:00,0
Highway 1,54.48,17,2025-07-06 14:40:00,0
Urban Road,43.6,36,2025-07-06 14:50:00,0
Highway 1,51.7,10,2025-07-06 15:00:00,0
City Center,63.79,18,2025-07-06 15:10:00,0
Highway 1,78.1,35,2025-07-06 15:20:00,0
Highway 1,43.29,37,2025-07-06 15:30:00,0
Rural Bypass,51.02,33,2025-07-06 15:40:00,0
Highway 2,57.27,16,2025-07-06 15:50:00,0
Rural Bypass,40.35,35,2025-07-06 16:00:00,0
Industrial Zone,44.98,20,2025-07-06 16:10:00,0
Rural Bypass,35.67,29,2025-07-06 16:20:00,0
Rural Bypass,80.94,14,2025-07-06 16:30:00,0
Industrial Zone,50.36,39,2025-07-06 16:40:00,0
Rural Bypass,48.81,29,2025-07-06 16:50:00,0
Industrial Zone,34.06,29,2025-07-06 17:00:00,0
Urban Road,47.19,34,2025-07-06 17:10:00,0
City Center,67.81,50,2025-07-06 17:20:00,0
Urban Road,58.69,28,2025-07-06 17:30:00,0
City Center,52.92,21,2025-07-06 17:40:00,0
Industrial Zone,55.08,22,2025-07-06 17:50:00,0
Urban Road,52.53,38,2025-07-06 18:00:00,0
City Center,34.9,36,2025-07-06 18:10:00,0
Highway 1,69.76,23,2025-07-06 18:20:00,0
Highway 2,18.17,18,2025-07-06 18:30:00,0
Highway 1,69.45,24,2025-07-06 18:40:00,0
Industrial Zone,35.01,19,2025-07-06 18:50:00,0
City Center,62.61,30,2025-07-06 19:00:00,0
Industrial Zone,46.42,21,2025-07-06 19:10:00,0
Highway 2,44.12,15,2025-07-06 19:20:00,0
Urban Road,74.23,21,2025-07-06 19:30:00,0
Highway 1,68.26,40,2025-07-06 19:40:00,0
Industrial Zone,64.97,20,2025-07-06 19:50:00,0
Rural Bypass,56.06,24,2025-07-06 20:00:00,0
Highway 1,36.44,28,2025-07-06 20:10:00,0
Urban Road,32.31,36,2025-07-06 20:20:00,0
Industrial Zone,43.03,27,2025-07-06 20:30:00,0
Urban Road,54.25,22,2025-07-06 20:40:00,0
City Center,58.8,20,2025-07-06 20:50:00,0
Industrial Zone,63.07,11,2025-07-06 21:00:00,0
Rural Bypass,51.9,44,2025-07-06 21:10:00,0
City Center,35.0,18,2025-07-06 21:20:00,0
Urban Road,57.71,26,2025-07-06 21:30:00,0
Highway 1,55.26,29,2025-07-06 21:40:00,0
Highway 2,59.52,36,2025-07-06 21:50:00,0
City Center,56.15,22,2025-07-06 22:00:00,0
Urban Road,60.09,43,2025-07-06 22:10:00,0
Urban Road,48.01,15,2025-07-06 22:20:00,0
Rural Bypass,66.61,23,2025-07-06 22:30:00,0
Highway 2,17.41,33,2025-07-06 22:40:00,0
Highway 2,41.97,24,2025-07-06 22:50:00,0
Highway 1,54.98,26,2025-07-06 23:00:00,0
Urban Road,60.64,20,2025-07-06 23:10:00,0
Urban Road,57.7,22,2025-07-06 23:20:00,0
Industrial Zone,61.08,31,2025-07-06 23:30:00,0
Highway 2,35.97,35,2025-07-06 23:40:00,0
Industrial Zone,41.96,33,2025-07-06 23:50:00,0
Industrial Zone,55.51,43,2025-07-07 00:00:00,0
Urban Road,46.65,21,2025-07-07 00:10:00,0
Highway 1,49.71,21,2025-07-07 00:20:00,0
Highway 2,62.0,8,2025-07-07 00:30:00,0
Industrial Zone,34.19,14,2025-07-07 00:40:00,0
Highway 2,64.25,42,2025-07-07 00:50:00,0
Rural Bypass,48.43,23,2025-07-07 01:00:00,0
Highway 2,51.05,36,2025-07-07 01:10:00,0
City Center,36.09,27,2025-07-07 01:20:00,0
Highway 1,64.63,30,2025-07-07 01:30:00,0
Industrial Zone,52.84,35,2025-07-07 01:40:00,0
Rural Bypass,9.45,31,2025-07-07 01:50:00,1
City Center,40.19,6,2025-07-07 02:00:00,0
Highway 1,57.67,38,2025-07-07 02:10:00,0
Highway 1,47.94,34,2025-07-07 02:20:00,0
Rural Bypass,74.18,38,2025-07-07 02:30:00,0
Highway 1,74.6,32,2025-07-07 02:40:00,0
Highway 2,51.13,8,2025-07-07 02:50:00,0
Highway 2,46.31,16,2025-07-07 03:00:00,0
Industrial Zone,82.56,23,2025-07-07 03:10:00,0
Rural Bypass,51.85,30,2025-07-07 03:20:00,0
City Center,50.65,41,2025-07-07 03:30:00,0
City Center,40.66,26,2025-07-07 03:40:00,0
Urban Road,38.86,11,2025-07-07 03:50:00,0
City Center,40.82,24,2025-07-07 04:00:00,0
Highway 2,43.56,18,2025-07-07 04:10:00,0
Rural Bypass,28.91,24,2025-07-07 04:20:00,0
Rural Bypass,27.43,32,2025-07-07 04:30:00,0
City Center,51.24,10,2025-07-07 04:40:00,0
Rural Bypass,45.36,17,2025-07-07 04:50:00,0
City Center,54.79,38,2025-07-07 05:00:00,0
Rural Bypass,21.87,26,2025-07-07 05:10:00,0
Rural Bypass,47.6,31,2025-07-07 05:20:00,0
Highway 2,53.2,17,2025-07-07 05:30:00,0
Highway 2,45.21,17,2025-07-07 05:40:00,0
Highway 1,66.14,25,2025-07-07 05:50:00,0
City Center,78.52,24,2025-07-07 06:00:00,0
Highway 1,39.37,9,2025-07-07 06:10:00,0
Industrial Zone,22.95,9,2025-07-07 06:20:00,0
Highway 1,54.01,30,2025-07-07 06:30:00,0
Highway 1,26.28,33,2025-07-07 06:40:00,0
Industrial Zone,42.75,26,2025-07-07 06:50:00,0
Highway 2,74.18,33,2025-07-07 07:00:00,0
Highway 2,45.97,16,2025-07-07 07:10:00,0
Urban Road,17.72,17,2025-07-07 07:20:00,0
City Center,46.83,15,2025-07-07 07:30:00,0
Highway 1,48.03,25,2025-07-07 07:40:00,0
Urban Road,46.63,18,2025-07-07 07:50:00,0
Highway 2,52.53,29,2025-07-07 08:00:00,0
Highway 1,33.64,39,2025-07-07 08:10:00,0
Highway 1,48.52,25,2025-07-07 08:20:00,0
Rural Bypass,60.62,27,2025-07-07 08:30:00,0
Highway 1,64.3,27,2025-07-07 08:40:00,0
Highway 2,40.81,28,2025-07-07 08:50:00,0
Rural Bypass,32.84,26,2025-07-07 09:00:00,0
Rural Bypass,49.5,22,2025-07-07 09:10:00,0
Highway 2,48.07,6,2025-07-07 09:20:00,0
Highway 1,41.77,25,2025-07-07 09:30:00,0
Industrial Zone,52.4,14,2025-07-07 09:40:00,0
City Center,68.99,16,2025-07-07 09:50:00,0
Highway 2,64.54,29,2025-07-07 10:00:00,0
City Center,40.31,42,2025-07-07 10:10:00,0
Urban Road,32.1,34,2025-07-07 10:20:00,0
Urban Road,65.01,18,2025-07-07 10:30:00,0
Highway 2,70.89,22,2025-07-07 10:40:00,0
Rural Bypass,54.33,27,2025-07-07 10:50:00,0
City Center,47.99,33,2025-07-07 11:00:00,0
Highway 2,61.9,7,2025-07-07 11:10:00,0
City Center,69.57,8,2025-07-07 11:20:00,0
Highway 1,65.49,36,2025-07-07 11:30:00,0
Highway 2,33.64,20,2025-07-07 11:40:00,0
Urban Road,33.41,22,2025-07-07 11:50:00,0
Highway 2,45.38,32,2025-07-07 12:00:00,0
Highway 2,69.65,38,2025-07-07 12:10:00,0
Highway 1,41.57,22,2025-07-07 12:20:00,0
Highway 2,24.75,16,2025-07-07 12:30:00,0
Highway 2,64.47,41,2025-07-07 12:40:00,0
Rural Bypass,31.48,19,2025-07-07 12:50:00,0
Industrial Zone,49.6,27,2025-07-07 13:00:00,0
Highway 2,37.86,29,2025-07-07 13:10:00,0
Industrial Zone,42.89,24,2025-07-07 13:20:00,0
Rural Bypass,58.19,25,2025-07-07 13:30:00,0
Highway 1,43.45,23,2025-07-07 13:40:00,0
Rural Bypass,48.67,21,2025-07-07 13:50:00,0
Rural Bypass,46.12,40,2025-07-07 14:00:00,0
Rural Bypass,58.41,22,2025-07-07 14:10:00,0
City Center,60.45,21,2025-07-07 14:20:00,0
Urban Road,67.6,28,2025-07-07 14:30:00,0
City Center,48.39,29,2025-07-07 14:40:00,0
Highway 1,26.44,13,2025-07-07 14:50:00,0
City Center,32.09,26,2025-07-07 15:00:00,0
Highway 2,75.99,47,2025-07-07 15:10:00,0
Urban Road,59.57,30,2025-07-07 15:20:00,0
Urban Road,22.98,19,2025-07-07 15:30:00,0
Highway 1,38.18,18,2025-07-07 15:40:00,0
Industrial Zone,47.48,20,2025-07-07 15:50:00,0
Highway 2,20.31,32,2025-07-07 16:00:00,0
Rural Bypass,33.91,27,2025-07-07 16:10:00,0
Highway 1,81.11,15,2025-07-07 16:20:00,0
Highway 2,12.05,22,2025-07-07 16:30:00,0
Urban Road,66.51,44,2025-07-07 16:40:00,0
Industrial Zone,31.56,29,2025-07-07 16:50:00,0
Urban Road,43.02,23,2025-07-07 17:00:00,0
Urban Road,89.67,9,2025-07-07 17:10:00,0
Rural Bypass,53.81,29,2025-07-07 17:20:00,0
Industrial Zone,66.29,25,2025-07-07 17:30:00,0
Industrial Zone,54.62,21,2025-07-07 17:40:00,0
Rural Bypass,54.04,21,2025-07-07 17:50:00,0
City Center,59.32,21,2025-07-07 18:00:00,0
Industrial Zone,55.66,24,2025-07-07 18:10:00,0
Highway 2,66.89,24,2025-07-07 18:20:00,0
Industrial Zone,23.4,37,2025-07-07 18:30:00,0
Highway 1,36.41,18,2025-07-07 18:40:00,0
Rural Bypass,41.07,38,2025-07-07 18:50:00,0
Highway 1,17.96,56,2025-07-07 19:00:00,0
Industrial Zone,65.84,27,2025-07-07 19:10:00,0
City Center,49.18,27,2025-07-07 19:20:00,0
Industrial Zone,57.82,31,2025-07-07 19:30:00,0
Rural Bypass,58.33,25,2025-07-07 19:40:00,0
Rural Bypass,47.04,23,2025-07-07 19:50:00,0
Urban Road,47.08,36,2025-07-07 20:00:00,0
Highway 2,58.9,0,2025-07-07 20:10:00,1
Industrial Zone,59.84,26,2025-07-07 20:20:00,0
Industrial Zone,49.72,21,2025-07-07 20:30:00,0
Urban Road,66.86,34,2025-07-07 20:40:00,0
Industrial Zone,38.41,29,2025-07-07 20:50:00,0
Industrial Zone,35.43,11,2025-07-07 21:00:00,0
Highway 2,40.6,33,2025-07-07 21:10:00,0
Industrial Zone,64.3,30,2025-07-07 21:20:00,0
Highway 2,60.88,30,2025-07-07 21:30:00,0
Highway 2,40.38,29,2025-07-07 21:40:00,0
City Center,62.01,32,2025-07-07 21:50:00,0
Rural Bypass,67.83,32,2025-07-07 22:00:00,0
City Center,55.27,35,2025-07-07 22:10:00,0
City Center,49.6,16,2025-07-07 22:20:00,0
Highway 1,47.55,17,2025-07-07 22:30:00,0
Highway 3,15.0,3,2025-07-20 09:00:00,1
City Center,55.0,35,2025-07-20 09:15:00,0
